accuracy,precision,recall,f1
0.9483333333333334,0.896551724137931,0.78,0.8342245989304813
